bank_no,bank_name,mobile,zip_code,address,swift_code,bank_province
102851000026,中国工商银行青海省分行业务处理中心,0971-6115907,810001,青海省西宁市胜利路2号,SWIFT CODE,青海
102851000034,中国工商银行股份有限公司西宁城东支行,0971-8149203,810007,青海省西宁市建国路58号,SWIFT CODE,青海
102851000059,中国工商银行股份有限公司西宁城北支行,0971-5130267,810003,青海省西宁市城北区小桥大街15号,SWIFT CODE,青海
102851000067,中国工商银行股份有限公司西宁西大街支行,0971-8210892,810000,青海省西宁市西大街16号,SWIFT CODE,青海
102851000075,中国工商银行股份有限公司西宁胜利路支行,9716153397,810001,青海省西宁市胜利路10号,SWIFT CODE,青海
102851000114,中国工商银行股份有限公司西宁城西支行,0971-6157577,810001,青海省西宁市西大街29号,SWIFT CODE,青海
102851000139,中国工商银行股份有限公司西宁五四大街支行,0971-6101546,810001,西宁市五四大街72号,SWIFT CODE,青海
102851000147,中国工商银行股份有限公司西宁团结桥支行,0971-8013819,810007,青海省西宁市城东区八一东路33号10号楼4室,SWIFT CODE,青海
102851000155,中国工商银行股份有限公司西宁城中支行,0971-8248028,810000,青海省西宁市东大街114号,SWIFT CODE,青海
102851000198,中国工商银行股份有限公司西宁西川支行,0971-5218173,810005,青海省西宁市柴达木路475号,SWIFT CODE,青海
102851000325,中国工商银行股份有限公司西宁大通支行,0971-2722438,810100,青海省大通县人民路17号,SWIFT CODE,青海
102851000350,中国工商银行股份有限公司西宁西门口支行,9718232473,810001,青海省西宁市城中区西大街49号,SWIFT CODE,青海
102851000489,中国工商银行股份有限公司西宁中心广场支行,0971-6100814,810001,青海省西宁市胜利路2号,SWIFT CODE,青海
102851000497,中国工商银行股份有限公司西宁青铝支行,0971-2722381,810108,青海省大通县宁张公路28公里,SWIFT CODE,青海
102851000624,中国工商银行股份有限公司西宁城北支行马坊分理处,0971-5220020,810017,青海省西宁市城北区柴达木路610号,SWIFT CODE,青海
102851001537,中国工商银行股份有限公司西宁虎台支行,0971-6300243,810008,青海省西宁市五四路2号,SWIFT CODE,青海
102851001834,中国工商银行股份有限公司西宁经济技术开发区支行,0971-8816017,810007,青海省西宁市开发区金汇路29号,SWIFT CODE,青海
102851002683,中国工商银行股份有限公司西宁中心广场支行宁新分理处,9716313044,810001,青海省西宁市城西区胜利路89号,SWIFT CODE,青海
102851003514,中国工商银行平安县支行,0972-8614214,810600,青海省平安县湟中路2号,SWIFT CODE,青海
102851003555,中国工商银行乐都县支行,0972-8626151,810700,青海省乐都县东巷街196号,SWIFT CODE,青海
102851003602,中国工商银行民和回族土族自治县支行,0972-8522504,810800,青海省民和县新城街19号,SWIFT CODE,青海
102851003651,中国工商银行股份有限公司西宁湟中支行,0971-8232397,811600,青海省湟中县131号,SWIFT CODE,青海
102851003750,中国工商银行互助土族自治县支行,0972-8322542,810500,青海省互助县北街14号,SWIFT CODE,青海
102851003928,中国工商银行青海省分行计划财务处,0971-6146359,810001,青海省西宁市胜利路2号,SWIFT CODE,青海
102851004046,中国工商银行德令哈市支行,0977-8222637,817000,青海省德令哈市青新路32号,SWIFT CODE,青海
102851004159,中国工商银行格尔木市支行,0977-8413351,816000,青海省格尔木市江沅路,SWIFT CODE,青海
102851004167,中国工商银行格尔木市支行南郊办事处,0977-8463019,816000,青海省格尔木市盐桥南路43号,SWIFT CODE,青海
102851004175,中国工商银行格尔木市支行昆仑路办事处,0977-8415267,816000,青海省格尔木市信一路2号,SWIFT CODE,青海
102851004191,中国工商银行格尔木市支行炼油厂办事处,0977-8421417,816000,青海省格尔木市炼油厂生活区,SWIFT CODE,青海
102851004206,中国工商银行大柴旦支行,0977-8281218,816000,青海省大柴旦镇人民路14号,SWIFT CODE,青海
102851004214,中国工商银行大柴旦支行锡铁山办事处,0977-8208129,817303,青海省大柴旦锡铁山,SWIFT CODE,青海
102851004302,中国工商银行乌兰县支行,0977-8241105,817100,青海省乌兰县希里沟镇,SWIFT CODE,青海
102852003510,中国工商银行股份有限公司海东分行,0972-8614214,810600,青海省平安县湟中路2号,--,青海
102852203606,中国工商银行股份有限公司民和支行,0972-8522504,810800,青海省民和县新城街19号,--,青海
102852303553,中国工商银行股份有限公司乐都支行,0972-8626151,810700,青海省乐都县东巷街196号,--,青海
102852603755,中国工商银行股份有限公司互助支行,0972-8322542,810500,青海省互助县北街14号,--,青海
102859004040,中国工商银行股份有限公司德令哈支行,0977-8222637,817000,青海省德令哈市青新路32号,--,青海
102859004200,中国工商银行股份有限公司大柴旦支行,0977-8281218,816000,青海省大柴旦镇人民路14号,--,青海
102859102027,中国工商银行股份有限公司格尔木昆仑路支行,0977-8412723,816000,青海省格尔木市昆仑路102号,--,青海
102859102043,中国工商银行股份有限公司格尔木博爱支行,9798415353,816000,青海省格尔木昆仑路86号,--,青海
102859102051,中国工商银行股份有限公司格尔木站前支行,0979-8482807,816000,青海省格尔木市站前二路46号,--,青海
102859102060,中国工商银行股份有限公司格尔木盐湖支行,9798417163,816000,青海省格尔木钾肥厂院内,--,青海
102859102109,中国工商银行股份有限公司格尔木河西支行,9718482031,816000,青海省格尔木市盐桥中路4号,--,青海
102859102141,中国工商银行股份有限公司格尔木盐桥路支行,0979-8482807,816000,格尔木市盐桥路58号,--,青海
102859104153,中国工商银行股份有限公司格尔木支行,0977-8413351,816000,青海省格尔木市江沅路,--,青海
102859104161,中国工商银行股份有限公司格尔木南郊支行,0977-8463019,816000,青海省格尔木市盐桥南路43号,--,青海
102859104196,中国工商银行股份有限公司格尔木炼油厂支行,0977-8421417,816000,青海省格尔木市炼油厂生活区,--,青海
103851000104,中国农业银行青海省分行营业部,0971-6145731,810000,青海省西宁市长江路72号,SWIFT CODE,青海
103851000112,中国农业银行股份有限公司西宁支行,0971-8234895,810000,青海省西宁市城中区长江路67号,SWIFT CODE,青海
103851000207,中国农业银行西宁市黄河路支行,0971-6135989,810000,青海省西宁市黄河路96号,SWIFT CODE,青海
103851000303,中国农业银行西宁市七一路支行,0971-6175049,810007,青海省西宁市七一路197号,SWIFT CODE,青海
103851000602,中国农业银行股份有限公司西宁市城南新区支行,0971-6510401,810021,青海省西宁市城南新区南京路42-32号,SWIFT CODE,青海
103851001003,中国农业银行西宁市城东支行,0971-8177482,810007,青海省西宁市东关大街4号,SWIFT CODE,青海
103851002209,中国农业银行股份有限公司西宁支行东关大街分理处,0971-8177428,810007,青海省西宁市城东区东关大街4号,SWIFT CODE,青海
103851004001,中国农业银行西宁市城西支行,0971-6155861,810008,青海省西宁市五四大街80号,SWIFT CODE,青海
103851004108,中国农业银行股份有限公司西宁支行南川西路分理处,0971-6267286,810012,青海省西宁市城中区南川西路53-31号,SWIFT CODE,青海
103851004307,中国农业银行股份有限公司西宁支行交通巷分理处,0971-6152092,810008,西宁市城西区交通巷4号,SWIFT CODE,青海
103851004809,中国农业银行股份有限公司西宁支行五四大街分理处,0971-6252723,810008,西宁市五四大街80号,SWIFT CODE,青海
103851007000,中国农业银行西宁市城中支行,0971-8227609,810000,青海省西宁市南关街19号,SWIFT CODE,青海
103851007309,中国农业银行股份有限公司西宁支行北大街分理处,0971-8237362,810000,西宁市城中区北大街17号,SWIFT CODE,青海
103851008002,中国农业银行股份有限公司西宁支行南山路分理处,0971-8249324,810000,西宁市城中区南山路16号,SWIFT CODE,青海
103851010003,中国农业银行西宁市城北支行,0971-5134380,810003,青海省西宁市小桥大街37号,SWIFT CODE,青海
103851010302,中国农业银行股份有限公司西宁支行物流园分理处,0971-5500702,810028,青海省西宁市城北区朝阳东路34-2号,SWIFT CODE,青海
103851010505,中国农业银行股份有限公司西宁支行二十里铺分理处,0971-5310082,810013,青海省西宁市城北区宁张路75号,SWIFT CODE,青海
103851013001,中国农业银行西宁市湟中支行,0971-2232437,811600,青海省湟中县团结南路20号,SWIFT CODE,青海
103851016000,中国农业银行西宁市大通支行,0971-2723671,810100,青海省大通县人民路41号,SWIFT CODE,青海
103851018005,中国农业银行西宁市湟源支行,0971-2432703,812100,青海省湟源县东大街94号,SWIFT CODE,青海
103851099995,中国农业银行股份有限公司青海省分行资金清算中心,0971-6122390,810000,青海省西宁市黄河路96号,SWIFT CODE,青海
103852020006,中国农业银行海东分行营业部,0972-8613557,810600,青海省平安县平安镇平安路25号,--,青海
103852100010,中国农业银行平安支行（不办理业务）,0972-123456,810600,青海省行平安,--,青海
103852223001,中国农业银行民和县支行,0972-8522706,810800,青海省民和县川口镇北大街6号,--,青海
103852322000,中国农业银行乐都县支行,0972-8620249,810700,青海省乐都县古城大街82号,--,青海
103852621000,中国农业银行互助县支行,0972-8322287,810500,青海省互助县威远镇北街8号,--,青海
103852725004,中国农业银行化隆县支行,0972-8712369,810900,青海省化隆县巴燕镇西大街90号,--,青海
103852824000,中国农业银行循化县支行,0972-8812161,811100,青海省循化县积石镇生产街74号,--,青海
103854030000,中国农业银行海北分行营业部,0970-8612373,810200,青海省海北州西海镇大街30号,--,青海
103854131009,中国农业银行门源县支行,0970-8612373,810300,青海省门源县浩门镇东大街北小巷1号,--,青海
103854131105,中国农业银行青石嘴办（不办理业务）,0970-456123,813010,青海省门源县青石嘴镇,--,青海
103854232002,中国农业银行股份有限公司祁连县支行,9708672267,810400,青海省祁连县八宝镇,--,青海
103854300014,中国农业银行海晏支行（不办理业务）,0970-123456,810300,青海省行海晏县,--,青海
103854330109,中国农业银行股份有限公司海晏县支行,9708631026,812200,青海省海晏县和平路4号,--,青海
103854433001,中国农业银行股份有限公司刚察县支行,9708652366,812300,青海省刚查县西大街55号,--,青海
103855060505,中国农业银行黄南分行营业部,0973-8722133,811300,青海省同仁县隆务镇中山路1号,--,青海
103855261002,中国农业银行尖扎支行（不办理业务）,0973-123456,811310,青海省尖扎县,--,青海
103855262005,中国农业银行李家峡支行（不办理业务）,0970-321654,811320,青海省行李家峡,--,青海
103855363004,中国农业银行泽库支行（不办理业务）,0973-987654,811300,青海省行泽库县,--,青海
103855464008,中国农业银行河南支行（不办理业务）,0973-456321,811300,青海省行河南县,--,青海
103856040009,中国农业银行股份有限公司共和县支行,0974-8510086,813000,青海省共和县恰卜恰镇青海湖北大街22号,--,青海
103856040105,中国农业银行股份有限公司共和县青海湖路支行,0974-8512445,813000,青海省海南州共和县恰卜恰镇青海湖南大街2号,--,青海
103856140106,中国农业银行共和支行（不办理业务）,0974-123456,813000,青海省共和县,--,青海
103856243004,中国农业银行股份有限公司同德县支行,9748592545,813200,青海省海南州同德县尕巴松多镇东大街334号,--,青海
103856341000,中国农业银行股份有限公司贵德县支行,0974-8553493,811700,青海省贵德县河阴镇东大街99号,--,青海
103856445007,中国农业银行股份有限公司兴海县支行,9748581292,813300,青海省海南州兴海县子科滩镇南大街1号,--,青海
103856544005,中国农业银行股份有限公司贵南县支行,9748502421,813100,青海省海南州贵南县芒曲镇解放路1号,--,青海
103857080008,中国农业银行果洛分行营业部,0975-8382242,814000,青海省玛沁县大武镇达日路1号,--,青海
103857281008,中国农业银行班玛支行（不办理业务）,0975-456321,814300,青海省行班玛县,--,青海
103857385005,中国农业银行甘德支行（不办理业务）,0975-123654,814100,青海省行甘德县,--,青海
103857482008,中国农业银行达日支行（不办理业务）,0975-789456,814200,青海省行达日县,--,青海
103857584004,中国农业银行久治支行（不办理业务）,0975-123456,624700,青海省行久治县,--,青海
103857683002,中国农业银行玛多支行（不办理业务）,0975-456123,814300,青海省行玛多县,--,青海
103858070006,中国农业银行玉树分行营业部,0976-8822259,815000,青海省玉树县结古镇胜利路105号,--,青海
103858070102,中国农业银行股份有限公司玉树县支行民主路分理处,0976-8823920,815000,青海省玉树州玉树县结古镇民主路11号,--,青海
103858273009,中国农业银行杂多支行（不办理业务）,0976-456321,811600,青海省行杂多县,--,青海
103858371001,中国农业银行称多支行（不办理业务）,0976-456987,815300,青海省行称多县,--,青海
103858474005,中国农业银行治多支行（不办理业务）,0976-123456,813500,青海省治多县,--,青海
103858572003,中国农业银行昂欠支行（不办理业务）,0976-456789,815200,青海省行昂欠县,--,青海
103858675005,中国农业银行曲麻莱支行（不办理业务）,0976-456987,816000,青海省曲麻莱县,--,青海
103859050007,中国农业银行股份有限公司德令哈支行营业室,0977-8221402,817000,青海省德令哈市柴达木中路32号,--,青海
103859190000,中国农业银行格尔木市支行,0979-8418407,816000,青海省格尔木市柴达木路44号,--,青海
103859353002,中国农业银行股份有限公司乌兰县支行,0977-8247840,81700,青海省乌兰县希里沟镇东小街1号,--,青海
103859451008,中国农业银行股份有限公司都兰县支行营业室,0977-8232634,816100,青海始兰县察苏镇解放街19号,--,青海
103859552007,中国农业银行股份有限公司天峻县支行营业室,0977-8268721,817200,青海省海西州天峻县天鹏路3号,--,青海
104851003012,中国银行股份有限公司青海省分行,0971-8175706,810000,青海省西宁市东关大街218号,SWIFT CODE,青海
104851003115,中国银行股份有限公司西宁市胜利支行,0971-6152041,810003,青海省西宁市胜利路56号,SWIFT CODE,青海
104851003123,中国银行股份有限公司西宁市新宁路支行,0971-6155644,810001,西宁市城西区新宁路11-3号,SWIFT CODE,青海
104851003131,中国银行股份有限公司西宁市杨家寨支行,0971-6306300,810000,青海省西宁市城西区五四西路39号,SWIFT CODE,青海
104851003140,中国银行股份有限公司西宁市盐湖巷口支行,0971-6301312,810000,西宁市城西区新宁路20号,SWIFT CODE,青海
104851003158,中国银行股份有限公司西宁市商业巷支行,0971-6146692,810001,青海省西宁市城西区五四大街48号,SWIFT CODE,青海
104851003166,中国银行股份有限公司西宁市胜利路中支行,0971-6110963,810001,西宁市城西区胜利路11号,SWIFT CODE,青海
104851003174,中国银行股份有限公司西宁市海晏路支行,0971-6303883,810001,西宁市城西区海晏路2-10号,SWIFT CODE,青海
104851003211,中国银行股份有限公司西宁市东关支行,0971-8128486,810007,青海省西宁市大众街318号,SWIFT CODE,青海
104851003220,中国银行股份有限公司西宁市八一路支行,0971-8174234,810007,青海省西宁市城东区八一西路32号,SWIFT CODE,青海
104851003238,中国银行股份有限公司西宁市为民巷支行,0971-8177394,810007,西宁市城东区建国路22号,SWIFT CODE,青海
104851003246,中国银行股份有限公司西宁市杨家庄支行,0971-8144634,810007,西宁市城东区大众街25号,SWIFT CODE,青海
104851003254,中国银行股份有限公司西宁市共和路支行,0971-8175632,810007,西宁市城东区共和南路44号,SWIFT CODE,青海
104851003262,中国银行股份有限公司西宁市经济技术开发区支行,0971-8175311,810000,西宁市经济技术开发区金桥路38号,SWIFT CODE,青海
104851003318,中国银行股份有限公司西宁市古城台支行,0971-6135846,810001,青海省西宁市昆仑路17号,SWIFT CODE,青海
104851003326,中国银行股份有限公司西宁市黄河路支行,0971-6132920,810001,青海省西宁市城西区昆仑路1号,SWIFT CODE,青海
104851003334,中国银行股份有限公司西宁市西关大街支行,0971-6143210,810001,西宁市西关大街28号,SWIFT CODE,青海
104851003342,中国银行股份有限公司西宁市冷湖路支行,0971-6150367,810000,青海省西宁市城西区冷湖路84号,SWIFT CODE,青海
104851003359,中国银行股份有限公司西宁市同仁路支行,0971-6158305,810001,青海省西宁市城西区同仁路38号,SWIFT CODE,青海
104851003367,中国银行股份有限公司西宁市西关大街中支行,0971-6154231,810001,西宁市西关大街45号,SWIFT CODE,青海
104851003375,中国银行股份有限公司西宁市青年巷支行,0971-6159973,810001,青海省西宁市城西区西关大街49号,SWIFT CODE,青海
104851003383,中国银行股份有限公司甘河工业园区支行,0971-6153647,811600,青海省湟中县河滩镇甘河工业园区甘河大道1号A区12号,SWIFT CODE,青海
104851003414,中国银行股份有限公司西宁市五四支行,0971-5130053,810003,青海省西宁市五四大街13号,SWIFT CODE,青海
104851003422,中国银行股份有限公司西宁市小桥大街支行,0971-5130079,810003,青海省西宁市城北区小桥大街26号,SWIFT CODE,青海
104851003439,中国银行股份有限公司西宁市毛胜寺南支行,0971-5121875,810003,西宁市城北区小桥大街38号,SWIFT CODE,青海
104851003519,中国银行股份有限公司西宁市城中支行,0971-8236764,810000,青海省西宁市饮马街93号,SWIFT CODE,青海
104851003527,中国银行股份有限公司西宁市大什字支行,0971-8237386,810000,西宁市北大街30号,SWIFT CODE,青海
104851003535,中国银行股份有限公司西宁市花园南街分理处,0971-8232760,810000,西宁市城中区花园南街118号,SWIFT CODE,青海
104851003543,中国银行股份有限公司西宁市西大街支行,0971-8230103,810000,西宁市城中区西大街10号,SWIFT CODE,青海
104851003551,中国银行股份有限公司西宁市七一路支行,0971-8457363,810000,西宁市城中区七一路336号,SWIFT CODE,青海
104851003560,中国银行股份有限公司西宁市南关街支行,0971-8238300,810000,西宁市城中区南关街134号,SWIFT CODE,青海
104851003578,中国银行股份有限公司西宁市南大街支行,0971-8237679,810000,西宁市城中区南关街73号,SWIFT CODE,青海
104851003586,中国银行股份有限公司西宁市西门口支行,0971-8212716,810000,西宁市城中区长江路79-1号,SWIFT CODE,青海
104852004518,中国银行股份有限公司海东分行,0972-8613215,810600,平安县平安镇兰青路广场东侧,--,青海
104852004526,中国银行股份有限公司海东分行平安路支行,0971-8613493,810600,平安县平安路14号,--,青海
104852004534,中国银行股份有限公司海东分行兰青路支行,0972-8613213,810600,平安县兰青路,--,青海
104852104528,中国银行股份有限公司海东分行平安路分理处,0972-8613493,810600,平安县平安路14号,--,青海
104852104536,中国银行股份有限公司海东分行兰青路分理处,0972-8613213,810600,平安县兰青路,--,青海
104859104012,中国银行股份有限公司格尔木分行,0979-8419063,816000,格尔木市柴达木中路27号,--,青海
104859104029,中国银行股份有限公司格尔木昆仑路支行,0979-8412560,816000,格尔木市昆仑路,--,青海
104859104037,中国银行股份有限公司格尔木炼油厂支行,0979-8451442,816000,格尔木市安倨北路,--,青海
104859104045,中国银行股份有限公司格尔木铁路中区支行,0979-8453943,816000,格尔木市北二路,--,青海
104859104053,中国银行股份有限公司格尔木江源路支行,0979-8413769,816000,青海省格尔木市江源中路66号,--,青海
104859104061,中国银行股份有限公司格尔木分行便民分理处,0979-8413003,816000,格尔木市育红巷,--,青海
104859104070,中国银行股份有限公司格尔木分行广场支行,0979-8493943,816000,格尔木市八一中路,--,青海
105851000019,中国建设银行青海省分行,0971-8261064,810000,青海省西宁市西大街59号,SWIFT CODE,青海
105851001013,中国建设银行股份有限公司青海省分行营业部,0971-8261025,810000,青海省西宁市西大街59号,SWIFT CODE,青海
105851001056,中国建设银行股份有限公司西宁西大街支行,0971-8236524,810000,青海省西宁市北斗宫街1号,SWIFT CODE,青海
105851001101,中国建设银行股份有限公司青海电力支行,0971-6303986,810008,青海省西宁市五四西路15号,SWIFT CODE,青海
105851001152,中国建设银行股份有限公司青海铝厂支行,0971-2762144,810108,青海省大通县宁张公路28公里,SWIFT CODE,青海
105851001177,中国建设银行青海铝厂生活区支行,0971-2753638,810108,青海省西宁市宁张公路24公里处,SWIFT CODE,青海
105851001208,中国建设银行股份有限公司大通支行,0971-2727027,810100,青海省大通县车站路1号,SWIFT CODE,青海
105851001216,中国建设银行股份有限公司大通新城支行,0971-2723473,810100,青海省西宁市大通县桥头镇新城后庄村,SWIFT CODE,青海
105851001224,中国建设银行股份有限公司大通人民路支行,0971-2724451,810100,青海省西宁市大通县桥头镇人民路4号,SWIFT CODE,青海
105851001257,中国建设银行股份有限公司湟中支行,0971-2232251,811600,青海省湟中县团结南路19号,SWIFT CODE,青海
105851001273,中国建设银行股份有限公司湟中甘河滩工业区支行,9712291084,811600,青海省湟中县甘河滩工业园,SWIFT CODE,青海
105851001304,中国建设银行湟源县支行,0971-2432402,812100,青海省湟源县西大街十字口5号,SWIFT CODE,青海
105851002016,中国建设银行股份有限公司西宁支行,0971-6136767,810001,青海省西宁市西关大街38号,SWIFT CODE,青海
105851002057,中国建设银行股份有限公司西宁和政支行,0971-8236551,810000,青海省西宁市北大街27号,SWIFT CODE,青海
105851002065,中国建设银行股份有限公司西宁八一路支行,0971-8800864,810007,青海省西宁市湟中路26号,SWIFT CODE,青海
105851002090,中国建设银行股份有限公司西宁德令哈路支行,0971-8175794,810007,青海省西宁市德令哈路191号,SWIFT CODE,青海
105851002104,中国建设银行股份有限公司西宁城东支行,0971-8175823,810007,青海省西宁市大众街67号,SWIFT CODE,青海
105851002112,中国建设银行股份有限公司西宁湟光支行,0971-8131244,810007,青海省西宁市东关大街73号,SWIFT CODE,青海
105851002129,中国建设银行股份有限公司西宁经济技术开发区支行,0971-8174424,810007,青海省西宁市经济技术开发区金汇路32号,SWIFT CODE,青海
105851002137,中国建设银行股份有限公司西宁共和路支行,0971-8177268,810007,青海省西宁市共和南路44号,SWIFT CODE,青海
105851002153,中国建设银行股份有限公司西宁北大街支行,0971-8248123,810001,青海省西宁市北大街10号,SWIFT CODE,青海
105851002161,中国建设银行股份有限公司西宁莫家街支行,0971-8232187,810000,青海省西宁市东大街39号,SWIFT CODE,青海
105851002170,中国建设银行股份有限公司西宁解放路分理处,0971-8244132,810000,青海省西宁市解放路1-9号,SWIFT CODE,青海
105851002196,中国建设银行股份有限公司西宁大十字支行,0971-8248954,810000,青海省西宁市西大街2号,SWIFT CODE,青海
105851002207,中国建设银行股份有限公司西宁城西支行,0971-5145159,810001,青海省西宁市胜利路8号付4号,SWIFT CODE,青海
105851002215,中国建设银行股份有限公司西宁胜利路支行,0971-6155284,810001,青海省西宁市胜利路50号,SWIFT CODE,青海
105851002223,中国建设银行股份有限公司西宁尕庄支行,0971-6144762,810012,青海省西宁市南川西路6号,SWIFT CODE,青海
105851002231,中国建设银行股份有限公司西宁五四大街支行,0971-6142984,810001,青海省西宁市五四大街17号,SWIFT CODE,青海
105851002258,中国建设银行股份有限公司西宁城北支行,0971-5137082,810003,青海省西宁市小桥大街34号,SWIFT CODE,青海
105851002266,中国建设银行股份有限公司西宁小桥支行,0971-5130004,810003,青海省西宁市小桥大街44号,SWIFT CODE,青海
105851002274,中国建设银行股份有限公司西宁海晏路支行,0971-6305808,810008,青海省西宁市海晏路30号,SWIFT CODE,青海
105851002303,中国建设银行股份有限公司西宁铁路支行,0971-8140410,810007,青海省西宁市建国路7号,SWIFT CODE,青海
105851002320,中国建设银行股份有限公司西宁昆仑中路支行,0971-8179014,810007,青海省西宁市昆仑中路79号,SWIFT CODE,青海
105851002338,中国建设银行股份有限公司西宁七一路东支行,0971-8176384,810007,青海省西宁市七一路130号,SWIFT CODE,青海
105851002354,中国建设银行股份有限公司西宁城中支行,0971-8225719,810000,青海省西宁市南关街31号,SWIFT CODE,青海
105851002362,中国建设银行股份有限公司西宁南山路东支行,0971-8125487,810000,青海省西宁市南川路东122号,SWIFT CODE,青海
105851002379,中国建设银行股份有限公司西宁南川支行,0971-6271930,810000,青海省西宁市南川东路70号,SWIFT CODE,青海
105851002387,中国建设银行股份有限公司西宁五一路分理处,0971-8456500,810000,青海省西宁市五一路20号附3号,SWIFT CODE,青海
105851002395,中国建设银行股份有限公司西宁七一路分理处,0971-8482821,810000,青海省西宁市七一路346号,SWIFT CODE,青海
105851002400,中国建设银行股份有限公司西宁西川支行,0971-5218360,810005,青海省西宁市柴达木西路25号,SWIFT CODE,青海
105851002434,中国建设银行股份有限公司西宁生物园区支行,0971-5317624,810016,青海省西宁市生物科技产业园区经2路28号,SWIFT CODE,青海
105851002459,中国建设银行股份有限公司西宁祁连路支行,0971-5502898,810006,青海省西宁市祁连路西66号,SWIFT CODE,青海
105851002475,中国建设银行股份有限公司西宁朝阳支行,0971-5504727,810028,青海省西宁市朝阳西路10号,SWIFT CODE,青海
105851002522,中国建设银行股份有限公司西宁东川支行,0971-8012401,810007,青海省西宁市八一路东路33号10号楼,SWIFT CODE,青海
105851002547,中国建设银行股份有限公司西宁民院支行,0971-8800864,810007,青海省西宁市八一路瑞景园小区12-3号,SWIFT CODE,青海
105851002571,中国建设银行股份有限公司西宁西川南路支行,9716312587,810008,青海省西宁市西川南路41号,SWIFT CODE,青海
105851002580,中国建设银行股份有限公司西宁洪水桥支行,0971-6158087,810001,青海省西宁市南川西路24号,SWIFT CODE,青海
105851002627,中国建设银行股份有限公司西宁新宁广场支行,0971-6132470,810001,青海省西宁市五四大街39号,SWIFT CODE,青海
105851002651,中国建设银行股份有限公司西宁城南支行,0971-6514038,810000,西宁市城南新区清华路18号一幢18-118房,SWIFT CODE,青海
105851002813,中国建设银行股份有限公司西宁西关街分理处,0971-6143275,810001,青海省西宁市西关大街56号,SWIFT CODE,青海
105851002821,中国建设银行股份有限公司西宁新宁路分理处,0971-6124142,810008,青海省西宁市新宁路11号,SWIFT CODE,青海
105851002830,中国建设银行股份有限公司西宁虎台支行,0971-6311280,810008,青海省西宁市新宁路36号,SWIFT CODE,青海
105851002848,中国建设银行股份有限公司西宁昆仑路支行,0971-6103310,810001,青海省西宁市昆仑路18号,SWIFT CODE,青海
105851003046,中国建设银行股份有限公司湟源支行,0971-2432402,812100,青海省湟源县西大街十字口5号,SWIFT CODE,青海
105851012799,中国建设银行股份有限公司多巴支行,0971-2298319,811601,湟中县多巴镇南街49号,SWIFT CODE,青海
105852000012,中国建设银行股份有限公司海东地区分行,9728613560,810600,青海省平安县兰青路328号,--,青海
105852000029,中国建设银行股份有限公司海东地区分行利民分理处(不办理业务),0972-8613560,810600,青海省平安县兰青路328号,--,青海
105852000560,中国建设银行股份有限公司民和大十字支行,0972-8523735,810800,青海省民和县川口镇南大街1-1号,--,青海
105852100056,中国建设银行平安县支行(不办理业务),9728613560,810600,青海省平安县兰青路328号,--,青海
105852200055,中国建设银行股份有限公司民和支行,9728521262,810800,青海省民和县川口镇新城街10号,--,青海
105852300074,中国建设银行股份有限公司乐都支行,9728622375,810700,青海省乐都县碾伯镇古城大街1号,--,青海
105852600106,中国建设银行股份有限公司互助支行,9728321614,810500,青海省互助县威远镇新安路,--,青海
105852800117,中国建设银行股份有限公司循化支行,9728613560,811100,青海省循化县积石镇,--,青海
105854000016,中国建设银行股份有限公司西海支行,9708643105,810200,青海省西海镇文兴路六一巷1号,--,青海
105854100017,中国建设银行股份有限公司门源支行,9708612462,810300,青海省门源县东大街建设巷1号,--,青海
105854100033,中国建设银行门源青石咀分理处,908611604,810311,青海省门源县青石咀镇桥头路1号,--,青海
105854200042,中国建设银行股份有限公司祁连支行,9708672356,810400,青海省祁连县八宝西路33号,--,青海
105854300028,中国建设银行海晏县三角城分理处(不办业务),9708643106,812200,青海省海晏县三角城大街173号,--,青海
105855000018,中国建设银行股份有限公司黄南州分行,9738722162,811300,青海省同仁县中山路14号,--,青海
105855200109,中国建设银行股份有限公司尖扎支行,9738732496,811200,青海省尖扎县马可克搪镇兴隆街13号,--,青海
105855200168,中国建设银行股份有限公司李家峡支行,0973-8742786,811900,青海省尖扎县坎布拉镇牛滩,--,青海
105856000010,中国建设银行股份有限公司共和支行,9748512643,813000,青海省共和县团结北路8号,--,青海
105856000028,中国建设银行股份有限公司共和恰卜恰支行,0974-8512276,813000,青海省共和县恰卜恰镇文化街30号,--,青海
105856100027,中国建设银行共和恰卜恰分理处,9748512276,813000,青海省共和县恰卜恰镇文化街30号,--,青海
105856300053,中国建设银行股份有限公司贵德支行,9748553458,811700,青海省贵德县新西路2号,--,青海
105856300061,中国建设银行股份有限公司贵德拉西瓦分理处,0974-8559054,811700,青海省海南藏族自治州贵德县拉西瓦镇拉西瓦水电站生活区6号楼,--,青海
105858000013,中国建设银行股份有限公司玉树支行,0976-8829029,816000,青海省玉树藏族自治州结古镇佛学院东头,--,青海
105859000015,中国建设银行股份有限公司海西州分行,9778223933,817000,青海省德令哈市柴达木中路7号,--,青海
105859000023,中国建设银行股份有限公司德令哈河东支行,0977-8223596,817000,青海省德令哈市长江路1号,--,青海
105859000031,中国建设银行股份有限公司德令哈河西支行,0977-8228571,817000,青海省德令哈市柴达木西路,--,青海
105859000103,中国建设银行股份有限公司大柴旦支行,9778281366,817300,青海省大柴旦人民东路18号,--,青海
105859000111,中国建设银行锡铁山办事处(不办业务),9778223933,817300,青海省大柴旦镇锡铁山铅锌矿内,--,青海
105859000200,中国建设银行股份有限公司青海石油支行,9778271339,817400,青海省海西州冷湖镇4号,--,青海
105859000306,中国建设银行股份有限公司茫崖支行,9778251336,817500,青海省花土沟镇前进路15号,--,青海
105859000314,中国建设银行茫崖石棉矿分理处,9778258653,817502,青海省茫崖镇昆仑东路11号,--,青海
105859100016,中国建设银行股份有限公司格尔木市分行,9798497662,816000,青海省格尔木市八一中路42号,--,青海
105859100024,中国建设银行股份有限公司格尔木炼油厂支行,0979-8454344,816000,青海省格尔木市安居南路20号,--,青海
105859100049,中国建设银行股份有限公司格尔木中山路支行,0979-8416422,816000,青海省格尔木市八一西路1号,--,青海
105859100057,中国建设银行股份有限公司格尔木黄河路支行,9798453345,816000,青海省格尔木市江源南路17号,--,青海
105859100065,中国建设银行股份有限公司格尔木河西支行,0979-8482780,816000,青海省格尔木市盐桥北路25号,--,青海
105859200025,中国建设银行海西州分行河东分理处,9778223596,817000,青海省德令哈市长江路1号,--,青海
105859200033,中国建设银行海西州分行河西分理处,9778228571,817000,青海省德令哈市柴达木西路7号,--,青海
105859200050,中国建设银行股份有限公司海西州分行会计部(不办理业务),9778221342,817000,青海省德令哈市柴达木中路7号,--,青海
105859300405,中国建设银行股份有限公司乌兰支行,9778241117,817100,青海省乌兰县西大街8号,--,青海
105859400500,中国建设银行股份有限公司都兰支行,0977-8223302,816100,都兰县察汗乌苏镇新华街24号,--,青海
201851000019,国家开发银行股份有限公司青海省分行,0971-6161959,810001,西宁市昆仑路2号,--,青海
203851000015,中国农业发展银行青海省分行,0971-8589975,810000,青海省西宁市南关街57号,--,青海
203851000111,中国农业发展银行青海省分行营业部,0971-8589845,810000,青海省西宁市南关街57号,--,青海
203851000162,中国农业发展银行青海省大通县支行,0971-2731062,810100,青海省大通县人民路41号,--,青海
203851000179,中国农业发展银行青海省湟中县支行,0971-2232643,811600,青海省湟中县通宁路6号,--,青海
203851000187,中国农业发展银行青海省湟源县支行,0971-2434574,812100,青海省湟源县东大街94号,--,青海
203852000017,中国农业发展银行海东地区分行,0972-8615744,810600,青海省平安县平安镇兰青路398号,--,青海
203852200010,中国农业发展银行民和回族土族自治县支行,0972-8523944,810800,青海省民和县川口镇沙坡子,--,青海
203852300019,中国农业发展银行乐都县支行,0972-8626131,810700,青海省乐都县碾伯镇古城大街82号,--,青海
203852600013,中国农业发展银行互助土族自治县支行,0972-8323727,810500,青海省互助县威远镇新安路新村,--,青海
203852700014,中国农业发展银行化隆回族自治县支行,0972-8713840,810900,青海省化隆县巴燕镇北大街10号,--,青海
203852800015,中国农业发展银行循化撒拉族自治县支行,0972-8815634,811100,青海省循化县积石镇东门北街82号,--,青海
203854000012,中国农业发展银行海北藏族自治州分行,0970-8643145,810200,青海省海北州西海镇西海大街,--,青海
203854100013,中国农业发展银行门源回族自治县支行,0970-8613578,810300,青海省门源县浩门镇东大街16号,--,青海
203855000014,中国农业发展银行黄南藏族自治州分行,0973-8722022,811300,青海省同仁县隆务镇团结路21号,--,青海
203856000016,中国农业发展银行海南藏族自治州分行,0974-8510499,813000,青海省共和县恰不恰镇团结南路2号,--,青海
203857000018,中国农业发展银行果洛藏族自治州分行,0975-8381326,814000,青海省玛沁县大武镇团结路568号,--,青海
203858000010,中国农业发展银行玉树藏族自治州分行,0976-8823835,815000,青海省玉树县结古镇胜利路104号,--,青海
203859000011,中国农业发展银行海西蒙古族藏族自治州分行,0977-8225188,817000,青海省德令哈市柴达木东路21号,--,青海
203859100012,中国农业发展银行格尔木市支行,9798435133,816000,格尔木市江源南路4号,--,青海
301851000013,交通银行股份有限公司青海省分行,0971-6360952,810000,青海省西宁市城西区五四西路29号,--,青海
301851000021,交通银行青海手行营业部,0971-6360980,810000,青海省西宁市五四西路29号,--,青海
313851000018,青海银行股份有限公司营业部,0971-8133930,810000,青海省西宁市黄河路36号,--,青海
313851000026,青海银行股份有限公司古城台支行,0971-6321151,810008,青海省西宁市五四西路31号,--,青海
313851000034,青海银行股份有限公司城东支行,0971-8136245,810007,西宁市大众街292－2号,--,青海
313851000042,青海银行股份有限公司新宁广场支行,0971-6117393,810001,西宁市西关大街53号,--,青海
313851000059,青海银行股份有限公司北大街支行,0971-8223051,810000,西宁市文化街11号,--,青海
313851000067,青海银行股份有限公司胜利支行,0971-6128671,810001,西宁市胜利路31号,--,青海
313851000075,青海银行股份有限公司昆仑桥支行,0971-6116782,810000,西宁市气象巷14号,--,青海
313851000083,青海银行股份有限公司城西支行,0971-6118921,810000,西宁市五四大街70号,--,青海
313851000091,青海银行股份有限公司五一路支行,0971-8175408,810000,西宁市五一路16号,--,青海
313851000106,青海银行股份有限公司城中支行,0971-8248943,810000,西宁市长江路27-49号,--,青海
313851000114,青海银行股份有限公司黄河电力支行,0971-6322639,810001,西宁市五四西路43号,--,青海
313851002021,青海银行股份有限公司五四西路支行,0971-6303141,810008,西宁市五四西路11号,--,青海
313851002030,青海银行股份有限公司祁连路支行,0971-8171493,810007,西宁市祁连路137-3号,--,青海
313851002048,青海银行股份有限公司西关桥支行,0971-6144332,810001,西宁市西关大街2号,--,青海
313851002056,西宁市商业银行兴业支行,0971-8236891,810000,西宁市东大街103号,--,青海
313851002064,青海银行股份有限公司胜利路支行,0971-6133888,810001,西宁市胜利路66号,--,青海
313851002072,西宁市商业银行民主街支行,0971-8233324,810000,西宁市民主街4号,--,青海
313851002089,青海银行股份有限公司昆仑路支行,0971-6158947,810000,西宁市昆仑路23号,--,青海
313851002097,青海银行股份有限公司七一路支行,0971-8127828,810000,西宁市七一路252号,--,青海
313851002101,青海银行股份有限公司黄河路支行,0971-8108017,810001,西宁市黄河路26号,--,青海
313851003024,青海银行股份有限公司西关大街支行,0971-6143003,810008,西宁市西关大街39号,--,青海
313851003032,西宁市商业银行七一路支行,0971-8149494,810006,西宁市七一路220号,--,青海
313851003049,青海银行股份有限公司高槽巷支行,0971-6156285,810001,西宁市高槽巷12号,--,青海
313851003065,青海银行股份有限公司小桥大街支行,0971-5130062,810000,西宁市小桥大街28号,--,青海
313851003073,青海银行股份有限公司南关街支行,0971-8237623,810000,西宁市南关街40-20号,--,青海
313851003081,青海银行股份有限公司南川西路支行,0971-6255273,810000,西宁市南川西路58号东台小区,--,青海
313851003090,青海银行股份有限公司南小街支行,0971-8148301,810000,西宁市南小街国际村,--,青海
313851003104,青海银行股份有限公司信通支行,0971-6100297,810001,西宁市胜利路1号,--,青海
313851004020,西宁市商业银行虎台支行,0971-6304897,810008,西宁市西关大街73号,--,青海
313851004038,青海银行股份有限公司八一路支行,0971-8123179,810007,西宁市八一中路60号,--,青海
313851004062,青海银行股份有限公司北山支行,0971-8458160,810000,西宁市北山家俱市场,--,青海
313851004079,青海银行股份有限公司甘河工业园支行,9712291338,811600,西宁市经济技术开发区甘河工业园区,--,青海
313851004087,青海银行股份有限公司五四大街支行,0971-6117981,810000,西宁市五四大街72号,--,青海
313851005022,青海银行股份有限公司海湖支行,0971-6312249,810008,西宁市海湖路16号,--,青海
313851005039,西宁市商业银行火车站支行,0971-8143059,810007,西宁市互助西路24号,--,青海
313851005063,青海银行股份有限公司朝阳支行,0971-5500129,810000,西宁市朝阳东路5号,--,青海
313851005071,青海银行股份有限公司多巴支行,9716119282,811601,青海省西宁市湟中县多巴镇南街,--,青海
313851006025,青海银行股份有限公司同仁路支行,0971-6141247,810000,西宁市同仁路10号,--,青海
313851006033,青海银行股份有限公司东关大街支行,0971-8176531,810007,西宁市东关大街112号,--,青海
313851006068,青海银行股份有限公司生物园支行,0971-5318313,810003,宁张路43号,--,青海
313851007028,青海银行股份有限公司西川南路支行,0971-6313196,810008,西宁市西部综合市场A89号,--,青海
313851007036,西宁市商业银行德令哈路支行,0971-8175803,810007,西宁市德令哈路2号,--,青海
313851007069,青海银行股份有限公司西钢支行,9715216969,810005,西宁市柴达木西路52号,--,青海
313851007108,青海银行股份有限公司西大街支行,0971-8236892,810000,西宁市西大街43号,--,青海
313851008037,青海银行股份有限公司站东支行,0971-8172619,810007,西宁市互助东路145号,--,青海
313851008061,青海银行股份有限公司海湖新区支行,9716331805,810001,西宁市西川南路113号,--,青海
313851008107,青海银行股份有限公司南大街支行,9718247306,810000,西宁市城中区南大街18号,--,青海
313851009031,西宁市商业银行共和路支行,0971-8174610,810007,西宁市共和路5号,--,青海
313851010030,西宁市商业银行勤奋支行,0971-8143073,810007,西宁市勤奋巷25号,--,青海
313851011032,青海银行股份有限公司建国路支行,0971-8133931,810007,西宁市建国路6号,--,青海
313851012038,青海银行股份有限公司互助路支行,0971-8171277,810007,西宁市互助西路144号,--,青海
313851013039,青海银行股份有限公司德令哈路支行,9718149494,810000,西宁市德令哈路195号,--,青海
313851014033,青海银行股份有限公司开发区支行,9718179898,810000,西宁市经济技术开发区开元路22号,--,青海
313856000148,青海银行股份有限公司海南藏族自治州分行,9718177287,813000,青海省海南州共和县恰卜恰镇青海湖北大街57号,--,青海
313858000158,青海银行股份有限公司玉树藏族自治州分行,9718177287,815000,玉树州结古镇,--,青海
313859100138,青海银行股份有限公司格尔木分行,9798435222,816000,青海省格尔木市江源南路18号,--,青海
313859102133,青海银行股份有限公司格尔木分行昆仑支行,9798433211,816000,青海省海西州格尔木市昆仑中路43号,--,青海
320851000009,大通国开村镇银行有限责任公司,7830960,810108,青海省西宁市大通回族土族自治县桥头镇人民路70-4号,--,青海
320856008519,海南保亭融兴村镇银行有限责任公司,18789937733,572300,海南省保亭县广东街团结北路272栋,--,青海
402851000016,青海省农村信用社资金清算中心,0971-8127867,810000,西宁市七一路311号,--,青海
402851010011,青海省农村信用社联合营业部,0971-8213391,810000,青海省西宁市花园北街55号,--,青海
402851010020,青海省大通县农村信用联社,0971-2722242,810100,青海省大通县人民路58号,--,青海
402851010038,青海省湟中县农村信用联社,0971-2232349,811600,青海省湟中县和平路23号,--,青海
402851010046,青海省湟源县农村信用联社,0971-2433777,812100,青海省湟源县建设东路3号,--,青海
402851010054,湟源县农村信用合作联社大华信用社,0971-2490037,812100,湟源县大华镇拉拉口村,--,青海
402851010062,湟源县农村信用合作联社申中信用社,0971-2490074,812100,湟源县申中乡卡路村,--,青海
402851010087,湟源县农村信用合作联社寺寨信用社,0971-2498480,812100,湟源县寺寨乡小寺尔村,--,青海
402851010095,湟源县农村信用合作联社城关信用社,0971-2432048,852100,湟源县城关镇东大街,--,青海
402851010100,湟源县农村信用合作联社巴燕信用社,0971-2492309,812100,湟源县巴燕乡巴燕村,--,青海
402851010118,湟源县农村信用合作联社东峡信用社,0971-2494234,812100,湟源县东峡乡石崖庄村,--,青海
402851010126,湟源县农村信用合作联社波航信用社,0971-2480083,812100,湟源县波航乡波航村,--,青海
402851010134,湟源县农村信用合作联社金源信用社,0971-2432144,852100,湟源县城关镇西大街,--,青海
402851010142,湟源县农村信用合作联社建设西路信用社,0971-2432654,852100,湟源县城关镇建设西路,--,青海
402851010159,湟源县农村信用合作联社日月信用社,0971-2483211,812100,湟源县日月乡兔尔干村,--,青海
402851010167,湟源县农村信用合作联社和平信用社,0971-2481932,812100,湟源县和平乡茶汉素村,--,青海
402851010175,湟中县农村信用合作联社上五庄信用社,0971-2260339,811600,湟中县上五庄镇友爱村,--,青海
402851010191,湟中县农村信用合作联社拦隆口信用社,0971-2265033,811600,湟中县拦隆口镇拦隆口村,--,青海
402851010206,湟中县农村信用合作联社李家山信用社,0971-2270004,811607,湟中县李家山镇李家山村,--,青海
402851010222,湟中县农村信用合作联社多巴信用社,0971-2297355,811601,湟中县多巴镇东街25号,--,青海
402851010239,湟中县农村信用合作联社通海分社,0971-2273027,811601,湟中县多巴镇通海东路46号,--,青海
402851010263,湟中县农村信用合作联社双寨分社,0971-2276238,811601,湟中县多巴镇双寨村252号,--,青海
402851010280,湟中县农村信用合作联社共和信用社,0971-2295567,811605,湟中县共和镇前营村,--,青海
402851010302,湟中县农村信用合作联社大才信用社,0971-2219208,811601,湟中县大才乡孙家尧村,--,青海
402851010327,湟中县农村信用合作联社汉东分社,0971-2268041,811601,湟中县汉东乡汉东村,--,青海
402851010335,湟中县农村信用合作联社西堡信用社,0971-2293029,811600,湟中县西堡乡西堡村,--,青海
402851010343,湟中县农村信用合作联社桥头分社,0971-5219379,811600,湟中县西堡乡昨署村,--,青海
402851010351,湟中县农村信用合作联社甘河滩分社,0971-2291223,811600,湟中县甘河滩镇甘河滩村,--,青海
402851010360,湟中县农村信用合作联社鲁沙尔信用社,0971-2232315,811600,湟中县鲁沙尔镇金塔路13号,--,青海
402851010386,湟中县农村信用合作联社塔尔寺分社,0971-2297355,811600,湟中县鲁沙尔镇商品街,--,青海
402851010394,湟中县农村信用合作联社老幼堡分社,0971-2214791,811600,湟中县鲁沙尔镇老幼堡村,--,青海
402851010409,湟中县农村信用合作联社大源分社,0971-2216303,811600,湟中县鲁沙尔镇大源乡吊庄村,--,青海
402851010417,湟中县农村信用合作联社上新庄信用社,0971-2292074,811600,湟中县上新庄镇上新庄村,--,青海
402851010433,湟中县农村信用合作联社总寨信用社,0971-2212037,811600,湟中县总寨镇总北村227号,--,青海
402851010441,湟中县农村信用合作联社城南分社,0971-6511526,810000,西宁市城南新区,--,青海
402851010450,湟中县农村信用合作联社逯家寨分社,0971-6274653,810000,湟中县总寨镇逯家寨村3号,--,青海
402851010468,湟中县农村信用合作联社土门关分社,0971-2263039,811603,湟中县田家寨镇田家寨村,--,青海
402851010476,湟中县农村信用合作联社田家寨信用社,0971-2294005,811603,湟中县田家寨镇田家寨村,--,青海
402851010484,湟中县农村信用合作联社丹麻分社,0971-2294144,811603,湟中县丹麻乡丹麻村237号,--,青海
402851010492,湟中县农村信用合作联社和平分社,0971-2234648,811600,湟中县鲁沙尔镇和平路37号,--,青海
402851010513,湟中县农村信用合作联社团南分社,0971-2233556,811600,湟中县鲁沙尔镇团结南路88号,--,青海
402851010521,大通回族土族自治县多林农村信用合作社,0971-2842124,810102,青海省大通县多林乡哈州村,--,青海
402851010530,大通县农村信用合作联社逊让分社,0971-2840217,810100,大通县逊让乡逊？村,--,青海
402851010548,大通县农村信用合作联社青林分社,0971-2847326,810100,大通县青林乡上阳山村,--,青海
402851010556,大通回族土族自治县城关农村信用合作社,0971-2831037,810201,青海省大通县城关镇陵园路,--,青海
402851010589,大通县农村信用合作联社宝库分社,0971-2846001,810100,大通县宝库乡油房卡村,--,青海
402851010597,大通县农村信用合作联社青山分社,0971-2848163,810100,大通县青山乡贺家庄村,--,青海
402851010601,大通回族土族自治县塔尔农村信用合作社,0971-2824066,810102,青海省大通县塔尔村塔尔村,--,青海
402851010628,大通回族土族自治县东峡农村信用合作社,0971-2828873,810102,青海省大通县东峡镇衙门村,--,青海
402851010636,大通县农村信用合作联社桦林分社,0971-2829092,810100,大通县桦林乡胜利村,--,青海
402851010652,大通回族土族自治县桥头农村信用合作社,0971-2722348,810102,青海省大通县桥头镇建国西路,--,青海
402851010677,大通县农村信用合作联社朔北分社,0971-2734946,810100,大通县朔北乡阿家堡村,--,青海
402851010685,大通回族土族自治县新城农村信用合作社,0971-2724674,810102,青海省大通县桥头镇新城村,--,青海
402851010693,大通县农村信用合作联社新城分社,0971-2722067,810100,大通县桥头镇后庄村,--,青海
402851010716,大通回族土族自治县新城农村信用合作社元朔分社,0971-2762792,810103,青海省大通县桥头镇毛家寨村,--,青海
402851010724,大通回族土族自治县黄家寨农村信用合作社,0971-2786499,810104,青海省大通县黄家寨黄东村,--,青海
402851010732,大通县农村信用合作联社赵家磨分社,0971-2785105,810100,大通县黄家寨镇赵家磨村,--,青海
402851010757,大通县农村信用合作联社东柳分社,0971-2763106,810100,大通县黄家寨镇东柳村,--,青海
402851010765,大通回族土族自治县长宁农村信用合作社,0971-2794032,810104,青海省大通县宁张公路20公里东侧,--,青海
402851010773,大通县农村信用合作联社景阳分社,0971-2792010,810100,大通县景阳镇苏家堡村,--,青海
402851010804,大通回族土族自治县长宁农村信用合作社后子河分社,0971-2793032,810105,青海省大通县长宁镇后子河东村,--,青海
402851010812,大通回族土族自治县园林农村信用合作社,0971-2722174,810100,青海省大通县桥头镇园林路南356号,--,青海
402851010829,大通回族土族自治县园林农村信用合作社园林分社,0971-2721054,818100,青海省大通县桥头镇人民路58号,--,青海
402851010837,大通回族土族自治县园林农村信用合作社解放路分社,0971-2721229,810100,青海省大通县桥头镇解放路88号,--,青海
402851010845,湟中县农村信用合作联社新城分社,0971-6510717,810000,西宁市城南新区南京路2号,--,青海
402851010853,大通回族土族自治县桥头农村信用合作社小康分社,0971-2722248,810102,青海省大通县桥头镇解放北路,--,青海
402851010861,湟中县农村信用合作联社镇中分社,0971-2211518,811601,湟中县多巴镇南街2号,--,青海
402851020017,西宁市农村信用合作联社营业部,0971-8142357,810008,青海省西宁市城东区七一路311号,--,青海
402851020025,西宁市农村信用合作联社中庄信用社,0971-8082693,810006,青海省西宁市互助中路269号,--,青海
402851020033,西宁市农村信用合作联社十里铺信用社,0971-8802470,810007,青海省西宁市八一中路19号,--,青海
402851020041,西宁市农村信用合作联社大众街信用社,0971-8175127,810007,青海省西宁市大众街17号,--,青海
402851020050,西宁市农村信用合作联社朝阳信用社,0971-5508921,810003,青海省西宁市祁连路西58号,--,青海
402851020068,西宁市农村信用合作联社马坊信用社,0971-5121989,810003,青海省西宁市柴达木路61号,--,青海
402851020076,西宁市农村信用合作联社二十里铺信用社,0971-5310091,810016,青海省西宁市宁张公路77号,--,青海
402851020084,西宁市农村信用合作联社大堡子信用社,0971-5201381,810018,青海省西宁市柴达木西路98号,--,青海
402851020092,西宁市农村信用合作联社彭家寨信用社,0971-6314935,810029,青海省西宁市西川南路96号,--,青海
402851020105,西宁市农村信用合作联社晨光信用社,0971-6144298,810001,青海省西宁市昆仑路37号,--,青海
402851020113,西宁市农村信用合作联社沈家寨信用社,0971-6259117,810012,青海省西宁市南川西路120号,--,青海
402851020121,西宁市农村信用合作联社韵家口信用社,0971-8013641,810007,青海省西宁市付东路52号,--,青海
402851020130,西宁市中庄农村信用合作社小寨分社,0971-8081494,810006,西宁市城东区互助中路119号,--,青海
402851020148,西宁市农村信用合作联社林家崖信用社,0971-8146356,810006,青海省西宁市林家崖村口,--,青海
402851020156,西宁市农村信用合作联社车站信用社,0971-8149011,810006,青海省西宁市站东巷10号,--,青海
402851020164,西宁市农村信用合作联社向阳信用社,0971-8133120,810006,青海省西宁市祁连路370号,--,青海
402851020172,西宁市农村信用合作联社互助路信用社,0971-8080039,810006,青海省西宁市互助中路94号,--,青海
402851020189,西宁市农村信用合作联社虎台信用社,0971-6302351,810029,青海省西宁市五四西路23号,--,青海
402851020197,西宁市农村信用合作联社汉庄信用社,0971-6316250,810029,青海省西宁市彭家寨镇汉庄村口,--,青海
402851020201,西宁市农村信用合作联社新村信用社,0971-6316349,810029,青海省西宁市海湖路市场,--,青海
402851020210,西宁市农村信用合作联社七一路东信用社,0971-8147236,810007,青海省西宁市城东区七一路64号,--,青海
402851020228,西宁市农村信用合作联社友谊信用社,0971-8179286,810007,青海省西宁市共和南路301号,--,青海
402851020236,西宁市农村信用合作联社小桥信用社,0971-5130825,810003,青海省西宁市建设巷南5号,--,青海
402851020244,西宁市农村信用合作联社海湖路信用社,0971-8587287,810000,青海省西宁市海湖路苏家河湾村,--,青海
402851020252,西宁市农村信用合作联社西川信用社,0971-5220206,810017,青海省西宁市柴达木路128号,--,青海
402851020269,西宁市农村信用合作联社团结桥信用社,0971-8011692,810007,青海省西宁市城东区团结桥路61-19号,--,青海
402851020277,西宁市农村信用合作联社裕农信用社,0971-8804715,810007,青海省西宁市八一西路18号,--,青海
402851020285,西宁市农村信用合作联社祁家城信用社,0971-5506696,810028,青海省西宁市朝阳西路祁家城村口,--,青海
402851020293,西宁市农村信用合作联社北大街信用社,0971-8226217,810000,青海省西宁市城中区北大街30号,--,青海
402851020308,西宁市农村信用合作联社湟水河市场信用社,0971-5511714,810003,青海省西宁市祁连路西段湟水河市场内,--,青海
402851020316,西宁市农村信用合作联社陶家寨信用社,0971-5317536,810016,青海省西宁市北部批发商场1楼,--,青海
402851020324,西宁市农村信用合作联社毛胜寺信用社,0971-5126061,810001,青海省西宁市小桥大街125号,--,青海
402851020332,西宁市农村信用合作联社南川信用社,0971-6250044,810001,青海省西宁市南川东路21号,--,青海
402851020349,西宁市农村信用合作联社红星信用社,0971-6253254,810012,青海省西宁市南川西路68号,--,青海
402851020357,西宁市农村信用合作联社水磨信用社,0971-6273247,810001,青海省西宁市南川东路96号付1号,--,青海
402851020365,西宁市农村信用合作联社西关大街信用社,0971-6125402,810000,青海省西宁市城西区西关大街17号,--,青海
402851020373,西宁市农村信用合作联社殷家庄信用社,0971-6309783,810001,青海省西宁市西川南路9号,--,青海
402851020381,西宁市农村信用合作联社元树信用社,0971-6243296,810000,青海省西宁市南川西路18号武警总队幼儿园对面,--,青海
402851020390,西宁市农村信用合作联社三其信用社,0971-5216761,810017,青海省西宁市柴达木西路三其村口,--,青海
402851020404,西宁市农村信用合作联社吴仲信用社,0971-5201556,810022,青海省西宁市城北区朱南村口,--,青海
402851020412,西宁市农村信用合作联社海晏路储蓄所,0971-6309748,810029,青海省西宁市海晏路21号,--,青海
402851020429,西宁市农村信用合作联社王家庄市场信用社,0971-8130784,810006,青海省西宁市王家庄小商品批发市场内,--,青海
402851020437,西宁市农村信用合作联社南气巷储蓄所,0971-6129257,810000,青海省西宁市南气象巷6号,--,青海
402851020445,西宁市农村信用合作联社花园北街储蓄所,0971-8213391,810000,青海省西宁市花园北街55号,--,青海
402851020453,西宁市农村信用合作联社西门信用社,0971-8214775,810000,西宁市城中区长江路75号,--,青海
402851020461,西宁市农村信用合作联社湟光信用社,0971-8133120,810000,西宁市城东区88号,--,青海
402851020470,西宁市农村信用合作联社胜利路信用社,0971-6330983,810000,西宁市城西区胜利路,--,青海
402851080015,格尔木市农村信用联社营业部,0979-8417997,816000,格尔木市江源路中99号,--,青海
402852000026,平安县平安农村信用合作社,0972-8612101,810600,平安县平安镇平安大道,--,青海
402852000034,平安县城中农村信用合作社,0972-8611231,810600,平安县平安镇兰青路,--,青海
402852000042,平安县小峡农村信用合作社,0972-8665238,810600,平安县小峡镇下店村,--,青海
402852000059,平安县三合农村信用合作社,0972-8664587,810600,平安县三合镇三合村,--,青海
402852000067,平安县古城农村信用合作社,0972-8661437,810600,平安县古城乡古城村,--,青海
402852000083,平安县平安农村信用合作社平安分社,0972-8615041,810600,平安县平安镇兰青路,--,青海
402852000122,平安县农信信用社合作联社贸易街分社,0972-8610449,810600,平安镇平安路,--,青海
402852381169,乐都县农村信用合作联社古城大街储蓄所,0972-8621881,810700,乐都县碾伯镇古城大街39号,--,青海
402852381185,乐都县农村信用合作联社水磨营分社,0972-8630792,810700,乐都县碾伯镇东门巷村,--,青海
402852381193,乐都县农村信用合作联社碾伯信用社,0972-8622043,810700,乐都县碾伯镇北门路1号,--,青海
402852381290,乐都县农村信用合作联社古都信用社,0972-8621967,810700,乐都县碾伯镇新乐大街27号,--,青海
402852381388,乐都县农村信用合作联社河湟分社,0972-8647816,810700,乐都县碾伯镇李家村（东部蔬菜批发市场）,--,青海
402852381396,乐都县农村信用合作联社高店信用社,0972-8653206,810700,乐都县高店镇东门村,--,青海
402852381499,乐都县农村信用合作联社高庙信用社,0972-8652124,810700,乐都县高庙镇东村,--,青海
402852381595,乐都县农村信用合作联社雨润信用社,0972-8657402,810700,乐都县雨润镇汉庄村,--,青海
402852381691,乐都县农村信用合作联社曲坛信用社,0972-8654013,810700,乐都县曲坛镇新联村,--,青海
402852381798,乐都县农村信用合作联社老鸦信用社,0972-8651038,810700,乐都县高庙镇老鸦村,--,青海
402852381894,乐都县农村信用合作联社洪水信用社,0972-8650127,810700,乐都县洪水镇店子村,--,青海
402852382090,乐都县农村信用合作联社寿乐信用社,0972-8628352,810700,乐都县寿乐镇马家湾村,--,青海
402852382196,乐都县农村信用合作联社引胜信用社,0972-8629103,810700,乐都县寿乐镇新堡村,--,青海
402852382395,乐都县农村信用合作联社蒲台信用社,0972-8639156,810700,乐都县蒲台乡千户台村,--,青海
402852382491,乐都县农村信用合作联社峰堆信用社,0972-8654281,810700,乐都县峰堆乡上营村,--,青海
402852382598,乐都县农村信用合作联社下营信用社,0972-8498266,810700,乐都县下营乡下营村,--,青海
402852382792,乐都县农村信用合作联社达拉信用社,13897331568,810700,乐都县达拉乡袁家台村,--,青海
402852382856,乐都县农村信用合作联社杏园分社,0972-8655379,810700,乐都县上杏园村（青乐化工厂院内),--,青海
402852382889,乐都县农村信用合作联社岗沟分社,0972-8622748,810700,乐都县碾伯镇文化街7号,--,青海
402852600022,互助土族自治县农村信用合作联社东和信用社,0972-8395759,810500,互助县东和乡麻吉村,--,青海
402852600039,互助土族自治县农村信用合作联社加定信用社,0972-8395232,810501,互助县加定镇桥头村,--,青海
402852600047,互助土族自治县农村信用合作联社南门峡信用社,0972-8390850,810505,互助县南门峡镇尕寺加村,--,青海
402852600055,互助土族自治县农村信用合作联社台子信用社,0972-8399043,810500,互助县台子乡上台子村,--,青海
402852600063,互助土族自治县农村信用合作联社五峰信用社,0972-8399755,810500,互助县五峰乡新庄村,--,青海
402852600071,互助土族自治县农村信用合作联社双树信用社,0972-8391475,810500,互助县双树乡双树村,--,青海
402852600080,互助土族自治县农村信用合作联社西山信用社,0972-8396692,810500,互助县西山乡和平村,--,青海
402852600098,互助土族自治县农村信用合作联社蔡家堡信用社,0972-8383055,810500,互助县蔡家堡乡岩崖村,--,青海
402852600102,互助土族自治县农村信用合作联社沙塘川信用社,0972-8393444,810500,互助县沙塘川乡甘二村,--,青海
402852600119,互助土族自治县农村信用合作联社高寨信用社,0972-8392201,810502,互助县高寨镇西村,--,青海
402852600127,互助土族自治县农村信用合作联社红崖子沟信用社,0972-8398283,810503,互助县红崖子沟乡上寨村,--,青海
402852600135,互助土族自治县农村信用合作联社丹麻信用社,0972-8396291,810500,互助县丹麻镇东丹麻村,--,青海
402852600143,互助土族自治县农村信用合作联社东山信用社,0972-8382112,810500,互助县东山乡大庄村,--,青海
402852600151,互助土族自治县农村信用合作联社东沟信用社,0972-8390100,810500,互助县东沟乡塘拉村,--,青海
402852600160,互助土族自治县农村信用合作联社鼓楼信用社,0972-7311735,810500,互助县威远镇北大街,--,青海
402852600178,互助土族自治县农村信用合作联社威远镇信用社,0972-7311739,810500,互助县威远镇东和路1号,--,青海
402852600186,互助土族自治县农村信用合作联社五十信用社,0972-8394319,810504,互助县五十乡桑士哥村,--,青海
402852600194,互助土族自治县农村信用合作联社哈拉直沟信用社,0972-8397755,810500,互助县哈拉直沟乡尚家村,--,青海
402852600209,互助土族自治县农村信用合作联社边滩信用社,0972-8394780,810500,互助县边滩乡保家村,--,青海
402852600225,互助土族自治县农村信用合作联社西街分社,0972-7311736,810500,互助县威远镇西大街,--,青海
402852600268,互助土族自治县农村信用合作联社林川分社,0972-8394764,810500,互助县林川乡贺尔村,--,青海
402852700031,化隆回族自治县农村信用合作联社巴燕信用社,0972-8712233,810900,化隆县巴燕镇医院路36号,--,青海
402852700058,化隆回族自治县农村信用合作联社甘都信用社,0972-8792956,810902,化隆县甘都镇牙路乎村48号,--,青海
402852700066,化隆回族自治县农村信用合作联社群科信用社,0972-8799813,810904,化隆县群科镇雪什藏村,--,青海
402852700074,化隆回族自治县农村信用合作联社昂思多信用社,0972-8796019,810903,化隆县昂思多镇医院路22号,--,青海
402852700099,化隆回族自治县农村信用合作联社雄先信用社,0972-8799099,810907,化隆县雄先乡雄先村,--,青海
402852700486,化隆回族自治县农村信用社联社扎巴信用社,0972-8799812,810906,化隆县扎巴镇阿岱村,--,青海
402852801126,循化撒拉族自治县农村信用合作联社道帷信用社,0972-8890501,811105,循化县道帷乡古雷村,--,青海
402852801134,循化撒拉族自治县农村信用合作联社白庄信用社,0972-8890216,811101,循化县白庄乡下白庄,--,青海
402852801142,循化撒拉族自治县农村信用合作联社查汗都斯信用社,0972-8895005,811103,循化县查汗都斯乡下庄村,--,青海
402852801159,循化撒拉族自治县农村信用合作联社文都信用社,0972-8893077,811102,循化县文都乡拉兄村,--,青海
402852801167,循化撒拉族自治县农村信用合作联社清水信用社,0972-8812109,811100,循化县清水乡石巷村,--,青海
402852801175,循化撒拉族自治县农村信用合作联社积石镇信用社,0972-8812302,811100,循化县积石镇上草,--,青海
402852801183,循化撒拉族自治县农村信用合作联社街子信用社,0972-8896900,811104,循化县街子三岔口,--,青海
402854012238,海晏县农村信用合作联社西海城南信用分社,0970-8646650,810200,西海镇刚察路,--,青海
402854100029,门源回族自治县农村信用合作联社皇城信用社,13897012181,810300,皇城乡政府,--,青海
402854100045,门源县农村信用合作联社青石嘴信用社,0970-8616050,810300,门源县青石嘴镇南街,--,青海
402854100053,门源县农村信用合作联社浩迈信用社市场分社,0970-8614545,810300,门源县浩门镇西关村72号,--,青海
402854100061,门源县农村信用合作联社浩迈信用社,0970-8612657,810300,门源县浩迈镇东大街,--,青海
402854100088,门源回族自治县农村信用合作联社西滩信用社,0970-8621426,810300,西滩乡东马场村,--,青海
402854100096,门源回族自治县农村信用合作联社泉口信用社,0970-8623088,810300,泉口镇旱台村,--,青海
402854100107,门源回族自治县农村信用合作联社阴田信用社,13897508818,810300,阴田乡下阴田村,--,青海
402854100115,门源县农村信用合作联社东川信用社,0970-8610020,810300,门源县东川镇孔家庄,--,青海
402854100131,门源回族自治县农村信用合作联社仙米信用社,0970-8620360,810300,仙米乡大庄村,--,青海
402854100140,门源回族自治县农村信用合作联社珠固信用社,0970-8625613,810300,珠固乡玉龙村,--,青海
402854200021,祁连县农村信用合作联社默勒信用社,9708674695,810400,祁连县默勒镇政府,--,青海
402854200030,祁连县农村信用合作联社峨堡信用社,9708671017,810400,祁连县峨堡镇政府,--,青海
402854200048,祁连县农村信用合作联社阿柔信用社,9708671300,810400,祁连县阿柔乡政府,--,青海
402854200056,祁连县农村信用合作联社野牛沟信用社,13997403201,810400,祁连县野牛沟乡政府,--,青海
402854200064,祁连县农村信用合作联社扎麻什信用社,9708674021,810400,祁连县扎麻什乡政府,--,青海
402854200072,祁连县农村信用合作联社下庄分社,9708675968,810400,祁连县八宝西路344号,--,青海
402854200089,祁连县农村信用合作联社林场分社,9708676227,810400,祁连县林场路28号,--,青海
402854200097,祁连县农村信用合作联社八宝分社,0970-8675096,810400,祁连县八宝东路11号,--,青海
402854300022,海晏县农信信用合作联社金滩信用社,0970-8632266,810200,海晏县金滩乡,--,青海
402854300039,海晏县农信信用合作联社银滩信用社,0970-8631226,810200,海晏县三角城大街138号,--,青海
402854300063,海晏县农信信用合作联社甘子河信用社,0970-8632001,810200,海晏县甘子河乡,--,青海
402854300071,海晏县农信信用合作联社西海信用社,0970-8644530,810200,西海镇刚察路137号,--,青海
402854400015,刚察县农村信用合作联社营业部,0970-8652954,812300,刚察县东大街21号,--,青海
402854400023,刚察县农村信用合作联社城关信用社,0970-8652253,812300,刚察县南大街,--,青海
402854400031,刚察县农村信用合作联社沙柳河信用社,0970-8652283,812300,刚察县东大街,--,青海
402854400058,刚察县农村信用合作联社哈尔盖信用社,0970-8654812,812300,刚察县哈尔盖乡,--,青海
402854400066,刚察县农村信用合作联社吉尔孟信用社,0970-8652077,812300,刚察县吉尔孟乡,--,青海
402854400074,刚察县农村信用合作联社泉吉信用社,0970-8655515,812300,刚察县泉吉乡,--,青海
402854400808,刚察县农村信用合作联社热水分社,0970-8654285,812303,青海省海北州刚察县热水矿区,--,青海
402855000021,同仁县农村信用合作联社多哇信用社,9738796906,811300,黄南州同仁县多哇乡,--,青海
402855000030,同仁县农村信用合作联社保安信用社,9738720125,811300,黄南州同仁县保安镇城外村,--,青海
402855000048,同仁县农村信用合作联社曲库乎信用社,9738796599,811300,黄南州同仁县曲库乎乡,--,青海
402855000056,同仁县农村信用合作联社瓜什则信用社,9738790002,811300,黄南州同仁县瓜什则乡,--,青海
402855000072,同仁县农村信用合作联社隆务信用社,9738725501,811300,黄南州同仁县隆务镇德合隆南路122号,--,青海
402855000089,同仁县农村信用合作联社吾屯分社,9738724263,811300,黄南州同仁县吾屯村,--,青海
402855000097,同仁县农村信用合作联社城镇分社,9738723060,811300,黄南州同仁县隆务镇隆务中街384号,--,青海
402855000110,同仁县农村信用合作联社年都乎信用社,9738721220,811300,黄南州同仁县隆务镇团结路30号,--,青海
402855000128,同仁县农村信用合作联社康乐分社,9738721609,811300,黄南州同仁县隆务镇热贡路84号,--,青海
402855400068,河南蒙古族自治县农村信用合作联社优干宁信用社,0973-8762406,811500,河南县优干宁镇区划路17号,--,青海
402855400076,河南蒙古族自治县农村信用合作联社城西信用社,0973-8763926,811500,河南县优干宁镇西大街10号,--,青海
402856000015,青海共和农村合作银行营业部,0974-8510055,813100,共和县恰卜恰镇人民路86号,--,青海
402856000023,青海共和农村合作银行恰卜恰支行,0974-8514247,813000,共和县恰卜恰镇绿洲北路137号,--,青海
402856000040,青海共和农村合作银行倒淌河支行,0974-8519125,813000,共和县倒淌河镇共和路3号,--,青海
402856000058,青海共和农村合作银行江西沟支行,0974-8519215,813001,共和县江西沟乡,--,青海
402856000066,青海共和农村合作银行黑马河支行,0974-8519370,813002,共和县黑马河乡,--,青海
402856000074,青海共和农村合作银行石乃亥支行,0974-8529037,813004,共和县石乃亥乡,--,青海
402856000082,青海共和农村合作银行切吉支行,0974-8543322,813005,共和县切吉乡,--,青海
402856000099,青海共和农村合作银行沙珠玉支行,0974-8529699,813005,共和县沙珠玉乡,--,青海
402856000103,青海共和农村合作银行绿洲支行,0974-8511944,813000,共和县恰卜恰镇绿洲南路100号,--,青海
402856000111,青海共和农村合作银行龙羊峡支行,0974-8572192,811800,共和县龙羊峡镇龙羊北大街,--,青海
402856300180,贵德县农村信用合作联社河阴信用社,0974-8553285,811700,贵德县河阴镇迎宾西路73号,--,青海
402856300198,贵德县农村信用合作联社城西分社,0974-8551135,811700,贵德县河阴镇迎宾西路146号,--,青海
402856300219,贵德县农村信用合作联社河西信用社,0974-8560840,811700,贵德县河西镇西街北路30号,--,青海
402856300227,贵德县农村信用合作联社南街分社,0974-8560560,811700,贵德县河西镇南街84号,--,青海
402856300235,贵德县农村信用合作联社当车分社,0974-8567521,811700,贵德县河西镇木干村46号,--,青海
402856300243,贵德县农村信用合作联社尕让信用社,0974-8567521,811700,贵德县尕让乡集镇12号,--,青海
402856300260,贵德县农村信用合作联社常牧信用社,0974-8568051,811700,贵德县常牧集镇8号,--,青海
402856300278,贵德县农村信用合作联社河东信用社,0974-8565389,811700,贵德县河东集镇54号,--,青海
402856400296,兴海县河卡农村信用社,0974-8589150,813301,兴海县河卡镇城南228号,--,青海
402856400307,兴海县曲什安农村信用社,0974-8586709,813300,兴海县曲什安镇,--,青海
402856400315,兴海县唐乃亥农村信用社,0974-8586709,813300,兴海县唐乃亥乡,--,青海
402856400323,兴海县中铁农村信用社,13369745302,813300,兴海县中铁乡,--,青海
402856400331,兴海县子科滩农村信用社,0974-8582939,813302,兴海县子科滩镇南大街254号,--,青海
402857000017,果洛农村信用合作联社营业部,0975-8382110,814000,果洛州玛沁县大武镇雪山路83号,--,青海
402857000025,果洛农村信用合作联社大武分社,0975-8381175,814000,玛沁县大武镇团结路,--,青海
402857000041,果洛农村信用合作联社玛沁拉加信用社,0975-8389980,814000,玛沁县拉加镇军功路,--,青海
402857100018,果洛农村信用合作社联合社,0975-8382110,814000,果洛州玛沁县大武镇雪山路83号,--,青海
402858000027,玉树农村信用合作联社胜利路储蓄所,0976-8829010,815000,结古镇胜利路,--,青海
402858000035,玉树农村信用合作联社民主路储蓄所,0976-8825026,815000,结古镇民主路,--,青海
402859000012,德令哈市农村信用合作联社怀头他拉信用社,0977-8207185,817005,德令哈市怀头他拉镇,--,青海
402859000029,德令哈市农村信用合作联社柯鲁柯信用社,0977-8203189,817003,德令哈市柯鲁柯镇,--,青海
402859000037,德令哈市农村信用合作联社尕海信用社,0977-8205003,817002,德令哈市尕海镇,--,青海
402859000045,德令哈市农村信用合作联社蓄集信用社,0977-8225044,817000,德令哈市柴达木东路20号,--,青海
402859000053,德令哈市农村信用合作联社昆仑路信用社,0977-8228664,817000,德令哈市昆仑路9号,--,青海
402859000061,德令哈市农村信用合作联社,0977-8228523,817000,德令哈市柴达木路4号,--,青海
402859000088,德令哈市农村信用合作联社大柴旦信用社,0977-8281878,816200,德令哈市大柴旦人民东路13号,--,青海
402859007014,德令哈市农村信用合作联社巴音河信用社,0977-8228429,817000,德令哈市莲湖路,--,青海
402859100013,格尔木市农村信用合作社联合社,0979-8417997,816000,格尔木市江源路中99号,--,青海
402859100144,格尔木东城农村信用社,0979-8411336,816000,格尔木市昆仑路195号,--,青海
402859100152,格尔木市农村信用合作联社金峰信用社,0979-8493008,816000,格尔木市昆仑路77号,--,青海
402859100177,格尔木市农村信用合作联社新村信用社,0979-8482697,816000,格尔木市盐桥北路78号,--,青海
402859100193,格尔木市农村信用合作联社大格勒信用社,0979-8447059,816000,格尔木市大格勒乡,--,青海
402859100208,格尔木市农村信用合作联社泰山路信用社,0979-8414846,816000,格尔木市泰山路9号,--,青海
402859100216,格尔木市农村信用合作联社小灶火信用社,0979-8444208,816000,格尔木市小灶火管区,--,青海
402859300023,乌兰县茶卡农村信用合作社,0977-8240184,817100,乌兰县茶卡镇,--,青海
402859300031,乌兰县农村信用合作联社察汗诺信用社,0977-8246118,817100,乌兰县铜普镇,--,青海
402859300040,乌兰县农村信用合作联社希里沟储蓄所,0977-8247009,817100,乌兰县希里沟镇,--,青海
402859300058,乌兰县农村信用合作联社柯柯信用社,0977-8248555,817100,乌兰县柯柯镇,--,青海
402859400024,都兰县农村信用合作联社察汗乌苏信用社,0977-8232215,816100,都兰县察汗乌苏镇,--,青海
402859400032,都兰县农村信用合作联社夏日哈信用社,0977-8236102,816103,都兰县夏日哈镇,--,青海
402859400049,都兰县农村信用合作联社香日德信用社,0977-8238159,816101,都兰县香日德镇,--,青海
402859400057,都兰县农村信用合作联社巴隆信用社,0977-8236558,856105,都兰县巴隆乡,--,青海
402859400073,都兰县农村信用合作联社诺木洪信用社,0977-8239191,816102,都兰县宗加镇,--,青海
402859400112,都兰县农村信用合作联社香农信用社,0977-8234016,816101,香日德镇河西,--,青海
402859500017,天峻县农村信用合作社联合社,0977-8266258,817200,天峻县新源镇新源北路,--,青海
402859500025,天峻县农村信用合作联社天棚路储蓄所,0977-8266305,817200,青海省天峻县,--,青海
402859500033,天峻县农村信用合作联社快尔玛信用社,0977-8266791,817200,天峻县新源西路,--,青海
402859500041,天峻县农村信用合作联社江河信用社,0977-8261358,817200,天峻县新源天木西路,--,青海
402859500050,天峻县农村信用联社龙门信用社,15719773182,817200,天峻县龙门乡,--,青海
403851000014,中国邮政储蓄银行有限责任公司西宁市支行,0971-8235221,810000,中国邮政储蓄银行有限责任公司西宁市西大街1号,--,青海
403851000022,中国邮政储蓄银行有限责任公司青海省分行营业部,0971-8130907,810000,青海省西宁市城中区西大街1号,--,青海
403851000055,中国邮政储蓄银行有限责任公司西宁市南川西路支行,0971-3552563,810000,青海省西宁市城西区南川西路35号,--,青海
403851000063,中国邮政储蓄银行有限责任公司西宁市新宁路支行,0971-3552563,810000,青海省西宁市城西区新宁路24号,--,青海
403851000080,中国邮政储蓄银行有限责任公司西宁市八一路支行,0971-3552563,810000,青海省西宁市城东区八一西路59号,--,青海
403851000135,中国邮政储蓄银行青海省西宁市黄河路支行,0971-8130908,810001,青海省西宁市城西区黄河路86号,--,青海
403851000151,中国邮政储蓄银行有限责任公司西宁市五四大街中支行,0971-3552563,810000,青海省西宁市城西区五四大街微波巷2号,--,青海
403851000284,中国邮政储蓄银行有限责任公司西宁市胜利路支行,0971-3552563,810000,青海省西宁市城西区胜利路59-7号,--,青海
403851000372,中国邮政储蓄银行有限责任公司大通回族土族自治县人民路支行,0971-3552563,810100,青海省西宁市大通县人民路11号,--,青海
403851000452,中国邮政储蓄银行青海省西宁市南滩支行,0971-8130909,810000,青海省西宁市南大街65号,--,青海
403851000581,中国邮政储蓄银行青海省西宁市五四西路支行,0971-8130910,810028,青海省西宁市五四西路39号,--,青海
403851000629,中国邮政储蓄银行有限责任公司西宁市小桥大街南支行,0971-3695097,810000,青海省西宁市小桥大街2号,--,青海
403851000637,中国邮政储蓄银行有限责任公司西宁市开元路支行,0971-8817130,810000,青海省西宁市经济开发区开元路1号6号楼厅-21,--,青海
403851000661,中国邮政储蓄银行有限责任公司西宁市七一路支行,0971-8253938,810000,青海省西宁市城中区七一路457号,--,青海
403851000688,中国邮政储蓄银行有限责任公司西宁市东关大街支行,0971-8139227,810000,青海省西宁市东关大街53号,--,青海
403851000715,中国邮政储蓄银行有限责任公司西宁市七一路中支行,8183347,810006,青海省西宁市城东区七一路151号,--,青海
403851000723,中国邮政储蓄银行有限责任公司西宁市海湖路支行,6338503,810008,青海省西宁市城西区五四西路43号,--,青海
403851099002,中国邮政储蓄银行青海省分行,0971-8235215,810000,青海省西宁市城中区西大街1号,--,青海
403852015015,中国邮政储蓄银行有限责任公司平安县平东支行,0972-8610585,810600,青海省平安县平安镇平安大道202－8号,--,青海
403852015103,中国邮政储蓄银行有限责任公司青海省海东地区支行,0972-8612421,810600,青海省平安县平安镇平安大道228号,--,青海
403852215028,中国邮政储蓄银行有限责任公司民和回族土族自治县支行,0972-8610585,810800,青海省民和县川口镇大什子,--,青海
403852315046,中国邮政储蓄银行有限责任公司乐都县支行,0972-8610585,810700,青海省乐都县碾伯镇新乐大街14号,--,青海
403854000010,中国邮政储蓄银行有限责任公司青海省海北藏族自治州支行,0972-8612421,810600,青海省海北州西海镇银滩路1号,--,青海
403854100051,中国邮政储蓄银行有限责任公司门源回族自治县支行,0970-8611279,810300,青海省海北州门源县浩门镇步行街119号,--,青海
403855000011,中国邮政储蓄银行有限责任公司青海省黄南藏族自治州支行,0973-8728161,811301,青海省黄南州同仁县夏琼中路51号,--,青海
403856000013,中国邮政储蓄银行有限责任公司青海省海南藏族自治州支行,0974-8523899,811700,青海省共和县恰卜恰团结南路44号,--,青海
403856200066,中国邮政储蓄银行有限责任公司同德县支行,0974-8592911,813200,青海省同德县尕巴松多镇东大街97号,--,青海
403856300032,中国邮政储蓄银行有限责任公司贵德县支行,0974-8550356,813200,青海省同德县尕巴松多镇东大街97号,--,青海
403856400076,中国邮政储蓄银行有限责任公司兴海县支行,0974-8581650,813300,青海省兴海县子科滩镇北大街,--,青海
403856500059,中国邮政储蓄银行有限责任公司贵南县支行,0974-8502904,813100,青海省贵南县茫曲镇解放路,--,青海
403857000015,中国邮政储蓄银行有限责任公司青海省果洛藏族自治州支行,0975-8382903,814000,青海省果洛州玛沁县大武镇甘德路,--,青海
403858000017,中国邮政储蓄银行有限责任公司青海省玉树藏族自治州支行,0976-8825718,815000,青海省玉树州结古镇胜利路68号,--,青海
403859000019,中国邮政储蓄银行有限责任公司青海省海西蒙古族藏族自治州支行,18935569908,810700,德令哈市长江路9号,--,青海
403859000027,中国邮政储蓄银行青海省海西州德令哈市河东支行,0977-8225351,817000,青海省西宁市德令哈市柴达木东路20号,--,青海
403859100011,中国邮政储蓄银行青海省格尔木市柴达木东路支行,0979-8915256,816000,青海省格尔木市江源路33号,--,青海
403859500015,中国邮政储蓄银行青海省海西蒙古族藏族自治州天峻县,13369773125,817200,青海省天峻县新源北路1号,--,青海
403859500031,中国邮政储蓄银行有限责任公司天峻县支行,18809775909,817200,青海省海西州天峻县新源北路1号,--,青海
